<?xml version="1.0" encoding="UTF-8"?>
<QCARConfig xmlns:xsi="http://www.w3.org/2001/XMLSchema-instance" xsi:noNamespaceSchemaLocation="qcar_config.xsd">
  <Tracking>
    <ImageTarget name="whale" size="1.000000 0.750000" />
    <ImageTarget name="rain" size="1.000000 0.879079" />
    <ImageTarget name="forest" size="1.000000 1.000000" />
    <ImageTarget name="dinosaur" size="1.000000 0.671545" />
    <ImageTarget name="beach" size="1.000000 0.750000" />
    <ImageTarget name="traffic" size="1.000000 0.679245" />
    <ImageTarget name="bird" size="1.000000 1.098901" />
    <ImageTarget name="MotherEarthLogo" size="1.000000 0.749035" />
    <ImageTarget name="maya" size="1.000000 1.648847" />
    <ImageTarget name="marker" size="1.000000 1.000000" />
  </Tracking>
</QCARConfig>
